time_yr,relHum,pco2_mol,co2_ppm,Ca,temp_C,Tv
0.5,0.021352,1.48E+17,8.35E-04,835.30,22.947928,296.097928
1.5,0.021357,1.48E+17,8.36E-04,835.96,22.950056,296.100056
2.5,0.021358,1.48E+17,8.37E-04,836.61,22.951072,296.101072
3.5,0.021358,1.48E+17,8.37E-04,837.25,22.95171,296.10171
4.5,0.021359,1.48E+17,8.38E-04,837.89,22.952412,296.102412
5.5,0.02136,1.48E+17,8.39E-04,838.53,22.953403,296.103403
6.5,0.021361,1.48E+17,8.39E-04,839.17,22.954752,296.104752
7.5,0.021363,1.49E+17,8.40E-04,839.80,22.956379,296.106379
8.5,0.021364,1.49E+17,8.40E-04,840.43,22.958197,296.108197
9.5,0.021366,1.49E+17,8.41E-04,841.06,22.96016,296.11016
10.5,0.021368,1.49E+17,8.42E-04,841.69,22.962239,296.112239
11.5,0.02137,1.49E+17,8.42E-04,842.31,22.964429,296.114429
12.5,0.021373,1.49E+17,8.43E-04,842.93,22.966702,296.116702
13.5,0.021375,1.49E+17,8.44E-04,843.56,22.968964,296.118964
14.5,0.021377,1.49E+17,8.44E-04,844.17,22.971127,296.121127
15.5,0.021379,1.49E+17,8.45E-04,844.79,22.973214,296.123214
16.5,0.021381,1.50E+17,8.45E-04,845.40,22.975257,296.125257
17.5,0.021383,1.50E+17,8.46E-04,846.02,22.977305,296.127305
18.5,0.021386,1.50E+17,8.47E-04,846.63,22.979494,296.129494
19.5,0.021388,1.50E+17,8.47E-04,847.24,22.982174,296.132174
21.5,0.021393,1.50E+17,8.48E-04,848.45,22.986193,296.136193
23.5,0.021396,1.50E+17,8.50E-04,849.66,22.989334,296.139334
25.5,0.0214,1.51E+17,8.51E-04,850.86,22.992665,296.142665
27.5,0.021403,1.51E+17,8.52E-04,852.06,22.995769,296.145769
29.5,0.021406,1.51E+17,8.53E-04,853.25,22.998743,296.148743
31.5,0.02141,1.51E+17,8.54E-04,854.44,23.002874,296.152874
33.5,0.021415,1.51E+17,8.56E-04,855.62,23.007566,296.157566
35.5,0.02142,1.52E+17,8.57E-04,856.81,23.012575,296.162575
37.5,0.021425,1.52E+17,8.58E-04,857.98,23.017923,296.167923
39.5,0.021431,1.52E+17,8.59E-04,859.15,23.0233,296.1733
41.5,0.021436,1.52E+17,8.60E-04,860.32,23.028223,296.178223
43.5,0.021441,1.52E+17,8.61E-04,861.49,23.032928,296.182928
45.5,0.021446,1.53E+17,8.63E-04,862.65,23.038278,296.188278
47.5,0.021451,1.53E+17,8.64E-04,863.80,23.04283,296.19283
49.5,0.021455,1.53E+17,8.65E-04,864.95,23.046442,296.196442
51.5,0.021459,1.53E+17,8.66E-04,866.10,23.050196,296.200196
53.5,0.021463,1.53E+17,8.67E-04,867.24,23.053683,296.203683
55.5,0.021466,1.54E+17,8.68E-04,868.39,23.057034,296.207034
57.5,0.021471,1.54E+17,8.70E-04,869.53,23.061475,296.211475
59.5,0.021476,1.54E+17,8.71E-04,870.66,23.066423,296.216423
61.5,0.021481,1.54E+17,8.72E-04,871.80,23.071636,296.221636
63.5,0.021487,1.54E+17,8.73E-04,872.93,23.077127,296.227127
65.5,0.021493,1.55E+17,8.74E-04,874.06,23.082686,296.232686
67.5,0.021498,1.55E+17,8.75E-04,875.18,23.087811,296.237811
69.5,0.021503,1.55E+17,8.76E-04,876.30,23.092607,296.242607
71.5,0.021508,1.55E+17,8.77E-04,877.42,23.097539,296.247539
73.5,0.021514,1.55E+17,8.79E-04,878.53,23.102884,296.252884
75.5,0.021518,1.56E+17,8.80E-04,879.65,23.106778,296.256778
77.5,0.021522,1.56E+17,8.81E-04,880.75,23.110567,296.260567
79.5,0.021526,1.56E+17,8.82E-04,881.86,23.114062,296.264062
81.5,0.021529,1.56E+17,8.83E-04,882.96,23.117184,296.267184
83.5,0.021534,1.56E+17,8.84E-04,884.07,23.121602,296.271602
85.5,0.021539,1.57E+17,8.85E-04,885.17,23.126541,296.276541
87.5,0.021544,1.57E+17,8.86E-04,886.27,23.131716,296.281716
89.5,0.02155,1.57E+17,8.87E-04,887.36,23.137148,296.287148
91.5,0.021555,1.57E+17,8.88E-04,888.45,23.142731,296.292731
93.5,0.021561,1.57E+17,8.90E-04,889.54,23.147955,296.297955
95.5,0.021566,1.58E+17,8.91E-04,890.63,23.152772,296.302772
97.5,0.021571,1.58E+17,8.92E-04,891.72,23.15744,296.30744
99.5,0.021577,1.58E+17,8.93E-04,892.80,23.16267,296.31267
104.5,0.021588,1.58E+17,8.95E-04,895.49,23.173044,296.323044
109.5,0.021597,1.59E+17,8.98E-04,898.17,23.182109,296.332109
114.5,0.02161,1.59E+17,9.01E-04,900.85,23.194535,296.344535
119.5,0.021624,1.60E+17,9.04E-04,903.50,23.20805,296.35805
124.5,0.021637,1.60E+17,9.06E-04,906.15,23.21988,296.36988
129.5,0.02165,1.61E+17,9.09E-04,908.78,23.231962,296.381962
134.5,0.02166,1.61E+17,9.11E-04,911.40,23.241698,296.391698
139.5,0.02167,1.62E+17,9.14E-04,914.01,23.251623,296.401623
144.5,0.021684,1.62E+17,9.17E-04,916.61,23.264265,296.414265
149.5,0.021697,1.63E+17,9.19E-04,919.20,23.277343,296.427343
154.5,0.021709,1.63E+17,9.22E-04,921.77,23.288569,296.438569
159.5,0.02172,1.64E+17,9.24E-04,924.34,23.298693,296.448693
164.5,0.021732,1.64E+17,9.27E-04,926.89,23.309642,296.459642
169.5,0.021744,1.64E+17,9.29E-04,929.44,23.321466,296.471466
174.5,0.021757,1.65E+17,9.32E-04,931.98,23.33334,296.48334
179.5,0.021768,1.65E+17,9.35E-04,934.50,23.344281,296.494281
184.5,0.02178,1.66E+17,9.37E-04,937.02,23.35489,296.50489
189.5,0.021791,1.66E+17,9.40E-04,939.53,23.365853,296.515853
194.5,0.021803,1.67E+17,9.42E-04,942.03,23.377233,296.527233
199.5,0.021815,1.67E+17,9.45E-04,944.52,23.388671,296.538671
204.5,0.021827,1.68E+17,9.47E-04,947.00,23.399695,296.549695
209.5,0.021838,1.68E+17,9.49E-04,949.47,23.410453,296.560453
214.5,0.02185,1.68E+17,9.52E-04,951.93,23.421309,296.571309
219.5,0.021862,1.69E+17,9.54E-04,954.39,23.432357,296.582357
224.5,0.021873,1.69E+17,9.57E-04,956.84,23.443419,296.593419
229.5,0.021885,1.70E+17,9.59E-04,959.28,23.454169,296.604169
234.5,0.021896,1.70E+17,9.62E-04,961.71,23.464761,296.614761
239.5,0.021908,1.71E+17,9.64E-04,964.14,23.475638,296.625638
244.5,0.02192,1.71E+17,9.67E-04,966.56,23.486812,296.636812
249.5,0.021931,1.71E+17,9.69E-04,968.97,23.497608,296.647608
254.5,0.021943,1.72E+17,9.71E-04,971.38,23.508266,296.658266
259.5,0.021954,1.72E+17,9.74E-04,973.78,23.518892,296.668892
264.5,0.021965,1.73E+17,9.76E-04,976.17,23.529507,296.679507
269.5,0.021977,1.73E+17,9.79E-04,978.56,23.540117,296.690117
274.5,0.021988,1.74E+17,9.81E-04,980.94,23.550954,296.700954
279.5,0.022,1.74E+17,9.83E-04,983.31,23.562594,296.712594
284.5,0.022012,1.74E+17,9.86E-04,985.68,23.573546,296.723546
289.5,0.022023,1.75E+17,9.88E-04,988.04,23.584108,296.734108
294.5,0.022034,1.75E+17,9.90E-04,990.40,23.594716,296.744716
299.5,0.022046,1.76E+17,9.93E-04,992.75,23.605574,296.755574
304.5,0.022057,1.76E+17,9.95E-04,995.10,23.616314,296.766314
309.5,0.022069,1.76E+17,9.97E-04,997.44,23.626781,296.776781
314.5,0.02208,1.77E+17,1.00E-03,999.77,23.637277,296.787277
319.5,0.022091,1.77E+17,1.00E-03,1002.10,23.647692,296.797692
324.5,0.022102,1.78E+17,1.00E-03,1004.43,23.657991,296.807991
329.5,0.022113,1.78E+17,1.01E-03,1006.75,23.668243,296.818243
334.5,0.022124,1.79E+17,1.01E-03,1009.07,23.678324,296.828324
339.5,0.022135,1.79E+17,1.01E-03,1011.38,23.688736,296.838736
344.5,0.022146,1.79E+17,1.01E-03,1013.68,23.699275,296.849275
349.5,0.022157,1.80E+17,1.02E-03,1015.99,23.709696,296.859696
354.5,0.022169,1.80E+17,1.02E-03,1018.29,23.720279,296.870279
359.5,0.02218,1.81E+17,1.02E-03,1020.59,23.730737,296.880737
364.5,0.022191,1.81E+17,1.02E-03,1022.88,23.741065,296.891065
369.5,0.022202,1.81E+17,1.03E-03,1025.17,23.751146,296.901146
374.5,0.022213,1.82E+17,1.03E-03,1027.45,23.761483,296.911483
379.5,0.022224,1.82E+17,1.03E-03,1029.73,23.77232,296.92232
384.5,0.022235,1.83E+17,1.03E-03,1032.00,23.783007,296.933007
389.5,0.022247,1.83E+17,1.03E-03,1034.27,23.793675,296.943675
394.5,0.022258,1.83E+17,1.04E-03,1036.54,23.80407,296.95407
399.5,0.022269,1.84E+17,1.04E-03,1038.80,23.815206,296.965206
404.5,0.022281,1.84E+17,1.04E-03,1041.06,23.825869,296.975869
409.5,0.022292,1.85E+17,1.04E-03,1043.32,23.836259,296.986259
414.5,0.022303,1.85E+17,1.05E-03,1045.58,23.846824,296.996824
419.5,0.022314,1.85E+17,1.05E-03,1047.83,23.856829,297.006829
424.5,0.022325,1.86E+17,1.05E-03,1050.08,23.866736,297.016736
429.5,0.022336,1.86E+17,1.05E-03,1052.33,23.876273,297.026273
434.5,0.022347,1.87E+17,1.05E-03,1054.57,23.886404,297.036404
439.5,0.022357,1.87E+17,1.06E-03,1056.81,23.89638,297.04638
444.5,0.022368,1.87E+17,1.06E-03,1059.05,23.906353,297.056353
449.5,0.022379,1.88E+17,1.06E-03,1061.29,23.915823,297.065823
454.5,0.022389,1.88E+17,1.06E-03,1063.52,23.925455,297.075455
459.5,0.0224,1.89E+17,1.07E-03,1065.75,23.935119,297.085119
464.5,0.02241,1.89E+17,1.07E-03,1067.98,23.944722,297.094722
469.5,0.02242,1.89E+17,1.07E-03,1070.21,23.954283,297.104283
474.5,0.022431,1.90E+17,1.07E-03,1072.43,23.96396,297.11396
479.5,0.022442,1.90E+17,1.07E-03,1074.66,23.973694,297.123694
484.5,0.022452,1.91E+17,1.08E-03,1076.88,23.983409,297.133409
489.5,0.022463,1.91E+17,1.08E-03,1079.10,23.993356,297.143356
494.5,0.022473,1.91E+17,1.08E-03,1081.31,24.003091,297.153091
499.5,0.022484,1.92E+17,1.08E-03,1083.53,24.012663,297.162663
504.5,0.022494,1.92E+17,1.09E-03,1085.75,24.022058,297.172058
509.5,0.022504,1.92E+17,1.09E-03,1087.96,24.031345,297.181345
514.5,0.022514,1.93E+17,1.09E-03,1090.17,24.040574,297.190574
519.5,0.022524,1.93E+17,1.09E-03,1092.38,24.049747,297.199747
524.5,0.022534,1.94E+17,1.09E-03,1094.59,24.058903,297.208903
529.5,0.022545,1.94E+17,1.10E-03,1096.80,24.068303,297.218303
534.5,0.022555,1.94E+17,1.10E-03,1099.00,24.077545,297.227545
539.5,0.022565,1.95E+17,1.10E-03,1101.21,24.086673,297.236673
544.5,0.022575,1.95E+17,1.10E-03,1103.41,24.095736,297.245736
549.5,0.022584,1.96E+17,1.11E-03,1105.62,24.104756,297.254756
554.5,0.022594,1.96E+17,1.11E-03,1107.82,24.113918,297.263918
559.5,0.022604,1.96E+17,1.11E-03,1110.02,24.122877,297.272877
564.5,0.022614,1.97E+17,1.11E-03,1112.22,24.132129,297.282129
569.5,0.022624,1.97E+17,1.11E-03,1114.42,24.141171,297.291171
574.5,0.022634,1.98E+17,1.12E-03,1116.62,24.15019,297.30019
579.5,0.022644,1.98E+17,1.12E-03,1118.82,24.159387,297.309387
584.5,0.022654,1.98E+17,1.12E-03,1121.01,24.168476,297.318476
589.5,0.022664,1.99E+17,1.12E-03,1123.21,24.17738,297.32738
594.5,0.022674,1.99E+17,1.13E-03,1125.41,24.186262,297.336262
599.5,0.022683,1.99E+17,1.13E-03,1127.60,24.195105,297.345105
604.5,0.022693,2.00E+17,1.13E-03,1129.79,24.203941,297.353941
609.5,0.022703,2.00E+17,1.13E-03,1131.99,24.212734,297.362734
614.5,0.022712,2.01E+17,1.13E-03,1134.18,24.221484,297.371484
619.5,0.022722,2.01E+17,1.14E-03,1136.37,24.23021,297.38021
624.5,0.022732,2.01E+17,1.14E-03,1138.56,24.238917,297.388917
629.5,0.022741,2.02E+17,1.14E-03,1140.75,24.2478,297.3978
634.5,0.022751,2.02E+17,1.14E-03,1142.94,24.256553,297.406553
639.5,0.02276,2.03E+17,1.15E-03,1145.13,24.265214,297.415214
644.5,0.02277,2.03E+17,1.15E-03,1147.32,24.27385,297.42385
649.5,0.022779,2.03E+17,1.15E-03,1149.51,24.282455,297.432455
654.5,0.022789,2.04E+17,1.15E-03,1151.69,24.291042,297.441042
659.5,0.022798,2.04E+17,1.15E-03,1153.88,24.299598,297.449598
664.5,0.022808,2.05E+17,1.16E-03,1156.07,24.308139,297.458139
669.5,0.022817,2.05E+17,1.16E-03,1158.26,24.316658,297.466658
674.5,0.022827,2.05E+17,1.16E-03,1160.44,24.325157,297.475157
679.5,0.022836,2.06E+17,1.16E-03,1162.63,24.333727,297.483727
684.5,0.022846,2.06E+17,1.16E-03,1164.81,24.342328,297.492328
689.5,0.022855,2.06E+17,1.17E-03,1167.00,24.350911,297.500911
694.5,0.022864,2.07E+17,1.17E-03,1169.18,24.359418,297.509418
699.5,0.022874,2.07E+17,1.17E-03,1171.37,24.367875,297.517875
704.5,0.022883,2.08E+17,1.17E-03,1173.55,24.376309,297.526309
709.5,0.022892,2.08E+17,1.18E-03,1175.74,24.384734,297.534734
714.5,0.022902,2.08E+17,1.18E-03,1177.92,24.393126,297.543126
719.5,0.022911,2.09E+17,1.18E-03,1180.10,24.401494,297.551494
724.5,0.02292,2.09E+17,1.18E-03,1182.29,24.409842,297.559842
729.5,0.022929,2.10E+17,1.18E-03,1184.47,24.418166,297.568166
734.5,0.022939,2.10E+17,1.19E-03,1186.66,24.426469,297.576469
739.5,0.022948,2.10E+17,1.19E-03,1188.84,24.4349,297.5849
744.5,0.022957,2.11E+17,1.19E-03,1191.02,24.443194,297.593194
749.5,0.022966,2.11E+17,1.19E-03,1193.21,24.451449,297.601449
754.5,0.022975,2.11E+17,1.20E-03,1195.39,24.459689,297.609689
759.5,0.022985,2.12E+17,1.20E-03,1197.58,24.467916,297.617916
764.5,0.022994,2.12E+17,1.20E-03,1199.76,24.476134,297.626134
769.5,0.023003,2.13E+17,1.20E-03,1201.95,24.484331,297.634331
774.5,0.023012,2.13E+17,1.20E-03,1204.13,24.492517,297.642517
779.5,0.023021,2.13E+17,1.21E-03,1206.32,24.500705,297.650705
784.5,0.02303,2.14E+17,1.21E-03,1208.50,24.50893,297.65893
789.5,0.023039,2.14E+17,1.21E-03,1210.69,24.517111,297.667111
794.5,0.023048,2.15E+17,1.21E-03,1212.87,24.525281,297.675281
799.5,0.023057,2.15E+17,1.22E-03,1215.06,24.533433,297.683433
804.5,0.023067,2.15E+17,1.22E-03,1217.24,24.541559,297.691559
809.5,0.023076,2.16E+17,1.22E-03,1219.43,24.549664,297.699664
814.5,0.023085,2.16E+17,1.22E-03,1221.61,24.557758,297.707758
819.5,0.023094,2.17E+17,1.22E-03,1223.80,24.565842,297.715842
824.5,0.023103,2.17E+17,1.23E-03,1225.98,24.573913,297.723913
829.5,0.023112,2.17E+17,1.23E-03,1228.17,24.581972,297.731972
834.5,0.023121,2.18E+17,1.23E-03,1230.35,24.590019,297.740019
839.5,0.02313,2.18E+17,1.23E-03,1232.54,24.598053,297.748053
844.5,0.023139,2.18E+17,1.23E-03,1234.72,24.606051,297.756051
849.5,0.023148,2.19E+17,1.24E-03,1236.91,24.614054,297.764054
854.5,0.023156,2.19E+17,1.24E-03,1239.09,24.622057,297.772057
859.5,0.023165,2.20E+17,1.24E-03,1241.28,24.630059,297.780059
864.5,0.023174,2.20E+17,1.24E-03,1243.46,24.638058,297.788058
869.5,0.023183,2.20E+17,1.25E-03,1245.65,24.646058,297.796058
874.5,0.023192,2.21E+17,1.25E-03,1247.83,24.654044,297.804044
879.5,0.023201,2.21E+17,1.25E-03,1250.01,24.662024,297.812024
884.5,0.02321,2.22E+17,1.25E-03,1252.20,24.669987,297.819987
889.5,0.023219,2.22E+17,1.25E-03,1254.38,24.677938,297.827938
894.5,0.023228,2.22E+17,1.26E-03,1256.57,24.685902,297.835902
899.5,0.023237,2.23E+17,1.26E-03,1258.75,24.693843,297.843843
904.5,0.023246,2.23E+17,1.26E-03,1260.93,24.701757,297.851757
909.5,0.023255,2.23E+17,1.26E-03,1263.12,24.709659,297.859659
914.5,0.023264,2.24E+17,1.27E-03,1265.30,24.717546,297.867546
919.5,0.023272,2.24E+17,1.27E-03,1267.49,24.725416,297.875416
924.5,0.023281,2.25E+17,1.27E-03,1269.67,24.733271,297.883271
929.5,0.02329,2.25E+17,1.27E-03,1271.85,24.741113,297.891113
934.5,0.023299,2.25E+17,1.27E-03,1274.04,24.748946,297.898946
939.5,0.023308,2.26E+17,1.28E-03,1276.22,24.757127,297.907127
944.5,0.023317,2.26E+17,1.28E-03,1278.41,24.764896,297.914896
949.5,0.023326,2.27E+17,1.28E-03,1280.60,24.772649,297.922649
954.5,0.023334,2.27E+17,1.28E-03,1282.78,24.780401,297.930401
959.5,0.023343,2.27E+17,1.28E-03,1284.97,24.788157,297.938157
964.5,0.023352,2.28E+17,1.29E-03,1287.15,24.795909,297.945909
969.5,0.023361,2.28E+17,1.29E-03,1289.34,24.803653,297.953653
974.5,0.023369,2.28E+17,1.29E-03,1291.52,24.811382,297.961382
979.5,0.023378,2.29E+17,1.29E-03,1293.71,24.81911,297.96911
984.5,0.023387,2.29E+17,1.30E-03,1295.90,24.826848,297.976848
989.5,0.023395,2.30E+17,1.30E-03,1298.08,24.83456,297.98456
994.5,0.023404,2.30E+17,1.30E-03,1300.27,24.842258,297.992258
999.5,0.023413,2.30E+17,1.30E-03,1302.46,24.849974,297.999974
1019.5,0.023448,2.32E+17,1.31E-03,1311.20,24.880781,298.030781
1039.5,0.023482,2.34E+17,1.32E-03,1319.94,24.911322,298.061322
1059.5,0.023517,2.35E+17,1.33E-03,1328.69,24.941696,298.091696
1079.5,0.023551,2.37E+17,1.34E-03,1337.44,24.971894,298.121894
1099.5,0.023585,2.38E+17,1.35E-03,1346.18,25.001924,298.151924
1119.5,0.023619,2.40E+17,1.35E-03,1354.93,25.031799,298.181799
1139.5,0.023653,2.41E+17,1.36E-03,1363.68,25.061516,298.211516
1159.5,0.023687,2.43E+17,1.37E-03,1372.42,25.091422,298.241422
1179.5,0.023721,2.44E+17,1.38E-03,1381.16,25.120966,298.270966
1199.5,0.023754,2.46E+17,1.39E-03,1389.91,25.150214,298.300214
1219.5,0.023788,2.47E+17,1.40E-03,1398.65,25.179349,298.329349
1239.5,0.023821,2.49E+17,1.41E-03,1407.39,25.208313,298.358313
1259.5,0.023854,2.51E+17,1.42E-03,1416.13,25.237123,298.387123
1279.5,0.023887,2.52E+17,1.42E-03,1424.87,25.265912,298.415912
1299.5,0.023921,2.54E+17,1.43E-03,1433.60,25.294736,298.444736
1319.5,0.023953,2.55E+17,1.44E-03,1442.33,25.322976,298.472976
1339.5,0.023986,2.57E+17,1.45E-03,1451.05,25.35112,298.50112
1359.5,0.024018,2.58E+17,1.46E-03,1459.78,25.379211,298.529211
1379.5,0.02405,2.60E+17,1.47E-03,1468.52,25.407056,298.557056
1399.5,0.024082,2.61E+17,1.48E-03,1477.25,25.434759,298.584759
1419.5,0.024115,2.63E+17,1.49E-03,1485.97,25.462542,298.612542
1439.5,0.024147,2.64E+17,1.49E-03,1494.70,25.490012,298.640012
1459.5,0.024178,2.66E+17,1.50E-03,1503.42,25.517358,298.667358
1479.5,0.02421,2.68E+17,1.51E-03,1512.13,25.544171,298.694171
1499.5,0.024242,2.69E+17,1.52E-03,1520.84,25.571671,298.721671
1519.5,0.024274,2.71E+17,1.53E-03,1529.56,25.599272,298.749272
1539.5,0.024305,2.72E+17,1.54E-03,1538.27,25.626359,298.776359
1559.5,0.024337,2.74E+17,1.55E-03,1546.97,25.653117,298.803117
1579.5,0.024368,2.75E+17,1.56E-03,1555.68,25.679684,298.829684
1599.5,0.024399,2.77E+17,1.56E-03,1564.38,25.706085,298.856085
1619.5,0.02443,2.78E+17,1.57E-03,1573.07,25.732371,298.882371
1639.5,0.02446,2.80E+17,1.58E-03,1581.75,25.758583,298.908583
1659.5,0.024491,2.81E+17,1.59E-03,1590.43,25.784612,298.934612
1679.5,0.024521,2.83E+17,1.60E-03,1599.11,25.810457,298.960457
1699.5,0.024552,2.84E+17,1.61E-03,1607.78,25.83616,298.98616
1719.5,0.024582,2.86E+17,1.62E-03,1616.44,25.86196,299.01196
1739.5,0.024612,2.88E+17,1.63E-03,1625.10,25.887412,299.037412
1759.5,0.024642,2.89E+17,1.63E-03,1633.76,25.912696,299.062696
1779.5,0.024672,2.91E+17,1.64E-03,1642.41,25.93783,299.08783
1799.5,0.024702,2.92E+17,1.65E-03,1651.06,25.962871,299.112871
1819.5,0.024731,2.94E+17,1.66E-03,1659.70,25.987684,299.137684
1839.5,0.024761,2.95E+17,1.67E-03,1668.33,26.012385,299.162385
1859.5,0.02479,2.97E+17,1.68E-03,1676.97,26.037163,299.187163
1879.5,0.024819,2.98E+17,1.69E-03,1685.59,26.061501,299.211501
1899.5,0.024848,3.00E+17,1.69E-03,1694.22,26.085797,299.235797
1919.5,0.024877,3.01E+17,1.70E-03,1702.83,26.110011,299.260011
1939.5,0.024906,3.03E+17,1.71E-03,1711.44,26.134122,299.284122
1959.5,0.024934,3.04E+17,1.72E-03,1720.05,26.158125,299.308125
1979.5,0.024963,3.06E+17,1.73E-03,1728.65,26.182297,299.332297
1999.5,0.024992,3.07E+17,1.74E-03,1737.24,26.206072,299.356072
2049.5,0.025063,3.11E+17,1.76E-03,1758.70,26.264994,299.414994
2099.5,0.025133,3.15E+17,1.78E-03,1780.13,26.323241,299.473241
2149.5,0.025203,3.19E+17,1.80E-03,1801.54,26.380846,299.530846
2199.5,0.025272,3.23E+17,1.82E-03,1822.90,26.437821,299.587821
2249.5,0.02534,3.26E+17,1.84E-03,1844.24,26.493952,299.643952
2299.5,0.025408,3.30E+17,1.87E-03,1865.53,26.549688,299.699688
2349.5,0.025475,3.34E+17,1.89E-03,1886.79,26.604795,299.754795
2399.5,0.025542,3.38E+17,1.91E-03,1908.01,26.659677,299.809677
2449.5,0.025608,3.41E+17,1.93E-03,1929.20,26.713387,299.863387
2499.5,0.025674,3.45E+17,1.95E-03,1950.36,26.766781,299.916781
2549.5,0.025739,3.49E+17,1.97E-03,1971.48,26.819464,299.969464
2599.5,0.025803,3.53E+17,1.99E-03,1992.57,26.871631,300.021631
2649.5,0.025867,3.56E+17,2.01E-03,2013.62,26.923256,300.073256
2699.5,0.02593,3.60E+17,2.03E-03,2034.63,26.974111,300.124111
2749.5,0.025994,3.64E+17,2.06E-03,2055.61,27.024825,300.174825
2799.5,0.026056,3.67E+17,2.08E-03,2076.55,27.074735,300.224735
2849.5,0.026118,3.71E+17,2.10E-03,2097.46,27.124265,300.274265
2899.5,0.026179,3.75E+17,2.12E-03,2118.33,27.17327,300.32327
2949.5,0.02624,3.78E+17,2.14E-03,2139.17,27.221738,300.371738
2999.5,0.026301,3.82E+17,2.16E-03,2159.97,27.269868,300.419868
3049.5,0.026361,3.86E+17,2.18E-03,2180.73,27.317426,300.467426
3099.5,0.02642,3.89E+17,2.20E-03,2201.44,27.364488,300.514488
3149.5,0.026479,3.93E+17,2.22E-03,2222.12,27.411078,300.561078
3199.5,0.026538,3.97E+17,2.24E-03,2242.75,27.457187,300.607187
3249.5,0.026596,4.00E+17,2.26E-03,2263.35,27.502969,300.652969
3299.5,0.026654,4.04E+17,2.28E-03,2283.92,27.548171,300.698171
3349.5,0.026711,4.08E+17,2.30E-03,2304.44,27.593002,300.743002
3399.5,0.026768,4.11E+17,2.32E-03,2324.91,27.63721,300.78721
3449.5,0.026824,4.15E+17,2.35E-03,2345.34,27.681084,300.831084
3499.5,0.02688,4.19E+17,2.37E-03,2365.74,27.724593,300.874593
3549.5,0.026936,4.22E+17,2.39E-03,2386.10,27.767749,300.917749
3599.5,0.026991,4.26E+17,2.41E-03,2406.43,27.810519,300.960519
3649.5,0.027046,4.29E+17,2.43E-03,2426.73,27.85292,301.00292
3699.5,0.0271,4.33E+17,2.45E-03,2446.98,27.894945,301.044945
3749.5,0.027154,4.36E+17,2.47E-03,2467.20,27.936606,301.086606
3799.5,0.027208,4.40E+17,2.49E-03,2487.39,27.977911,301.127911
3849.5,0.027261,4.44E+17,2.51E-03,2507.55,28.018848,301.168848
3899.5,0.027314,4.47E+17,2.53E-03,2527.67,28.059418,301.209418
3949.5,0.027365,4.51E+17,2.55E-03,2547.77,28.098634,301.248634
3999.5,0.027418,4.54E+17,2.57E-03,2567.83,28.138464,301.288464
4049.5,0.02747,4.58E+17,2.59E-03,2587.87,28.178019,301.328019
4099.5,0.027521,4.61E+17,2.61E-03,2607.86,28.217342,301.367342
4149.5,0.027573,4.65E+17,2.63E-03,2627.82,28.256371,301.406371
4199.5,0.027624,4.68E+17,2.65E-03,2647.75,28.295083,301.445083
4249.5,0.027675,4.72E+17,2.67E-03,2667.64,28.333479,301.483479
4299.5,0.027725,4.75E+17,2.69E-03,2687.50,28.371558,301.521558
4349.5,0.027775,4.79E+17,2.71E-03,2707.32,28.409324,301.559324
4399.5,0.027825,4.82E+17,2.73E-03,2727.12,28.446789,301.596789
4449.5,0.027874,4.86E+17,2.75E-03,2746.88,28.48396,301.63396
4499.5,0.027923,4.89E+17,2.77E-03,2766.61,28.520832,301.670832
4549.5,0.027972,4.93E+17,2.79E-03,2786.32,28.557415,301.707415
4599.5,0.028021,4.96E+17,2.81E-03,2805.98,28.593718,301.743718
4649.5,0.028069,5.00E+17,2.83E-03,2825.62,28.629746,301.779746
4699.5,0.028117,5.03E+17,2.85E-03,2845.22,28.665488,301.815488
4749.5,0.028165,5.07E+17,2.86E-03,2864.79,28.700975,301.850975
4799.5,0.028212,5.10E+17,2.88E-03,2884.34,28.736181,301.886181
4849.5,0.028259,5.14E+17,2.90E-03,2903.85,28.771129,301.921129
4899.5,0.028306,5.17E+17,2.92E-03,2923.33,28.805828,301.955828
4949.5,0.028353,5.21E+17,2.94E-03,2942.77,28.840266,301.990266
4999.5,0.028399,5.24E+17,2.96E-03,2962.19,28.87445,302.02445
5049.5,0.028445,5.28E+17,2.98E-03,2981.58,28.908406,302.058406
5099.5,0.028491,5.31E+17,3.00E-03,3000.94,28.942103,302.092103
5149.5,0.028537,5.34E+17,3.02E-03,3020.27,28.975496,302.125496
5199.5,0.028582,5.38E+17,3.04E-03,3039.57,29.008706,302.158706
5249.5,0.028627,5.41E+17,3.06E-03,3058.83,29.041692,302.191692
5299.5,0.028672,5.45E+17,3.08E-03,3078.07,29.074453,302.224453
5349.5,0.028716,5.48E+17,3.10E-03,3097.27,29.106993,302.256993
5399.5,0.028761,5.51E+17,3.12E-03,3116.43,29.139283,302.289283
5449.5,0.028805,5.55E+17,3.14E-03,3135.57,29.171373,302.321373
5499.5,0.028848,5.58E+17,3.15E-03,3154.68,29.203249,302.353249
5549.5,0.028892,5.62E+17,3.17E-03,3173.77,29.234906,302.384906
5599.5,0.028935,5.65E+17,3.19E-03,3192.82,29.266352,302.416352
5649.5,0.028979,5.68E+17,3.21E-03,3211.85,29.297589,302.447589
5699.5,0.029022,5.72E+17,3.23E-03,3230.85,29.328628,302.478628
5749.5,0.029064,5.75E+17,3.25E-03,3249.82,29.359462,302.509462
5799.5,0.029107,5.78E+17,3.27E-03,3268.77,29.390068,302.540068
5849.5,0.029147,5.82E+17,3.29E-03,3287.70,29.418819,302.568819
5899.5,0.029191,5.85E+17,3.31E-03,3306.61,29.450424,302.600424
5949.5,0.029233,5.88E+17,3.33E-03,3325.47,29.480708,302.630708
5999.5,0.029275,5.92E+17,3.34E-03,3344.30,29.510494,302.660494
6049.5,0.029316,5.95E+17,3.36E-03,3363.11,29.540334,302.690334
6099.5,0.029358,5.98E+17,3.38E-03,3381.89,29.569892,302.719892
6149.5,0.029399,6.02E+17,3.40E-03,3400.66,29.599244,302.749244
6199.5,0.02944,6.05E+17,3.42E-03,3419.40,29.628376,302.778376
6249.5,0.02948,6.08E+17,3.44E-03,3438.13,29.657312,302.807312
6299.5,0.029521,6.12E+17,3.46E-03,3456.83,29.686096,302.836096
6349.5,0.029561,6.15E+17,3.48E-03,3475.51,29.714711,302.864711
6399.5,0.029601,6.18E+17,3.49E-03,3494.17,29.743155,302.893155
6449.5,0.029641,6.21E+17,3.51E-03,3512.82,29.77145,302.92145
6499.5,0.029681,6.25E+17,3.53E-03,3531.44,29.799581,302.949581
6549.5,0.02972,6.28E+17,3.55E-03,3550.04,29.82756,302.97756
6599.5,0.02976,6.31E+17,3.57E-03,3568.62,29.855378,303.005378
6649.5,0.029799,6.35E+17,3.59E-03,3587.17,29.883011,303.033011
6699.5,0.029838,6.38E+17,3.61E-03,3605.71,29.910497,303.060497
6749.5,0.029877,6.41E+17,3.62E-03,3624.23,29.937848,303.087848
6799.5,0.029915,6.44E+17,3.64E-03,3642.74,29.964879,303.114879
6849.5,0.029954,6.48E+17,3.66E-03,3661.23,29.991849,303.141849
6899.5,0.029992,6.51E+17,3.68E-03,3679.70,30.018764,303.168764
6949.5,0.030031,6.54E+17,3.70E-03,3698.15,30.045546,303.195546
6999.5,0.030069,6.58E+17,3.72E-03,3716.58,30.072191,303.222191
7049.5,0.030107,6.61E+17,3.73E-03,3734.99,30.09869,303.24869
7099.5,0.030145,6.64E+17,3.75E-03,3753.38,30.125046,303.275046
7149.5,0.030182,6.67E+17,3.77E-03,3771.76,30.15126,303.30126
7199.5,0.03022,6.71E+17,3.79E-03,3790.12,30.177334,303.327334
7249.5,0.030257,6.74E+17,3.81E-03,3808.46,30.203271,303.353271
7299.5,0.030294,6.77E+17,3.83E-03,3826.79,30.229076,303.379076
7349.5,0.030331,6.80E+17,3.85E-03,3845.09,30.25475,303.40475
7399.5,0.030368,6.84E+17,3.86E-03,3863.39,30.280177,303.430177
7449.5,0.030405,6.87E+17,3.88E-03,3881.68,30.305568,303.455568
7499.5,0.030441,6.90E+17,3.90E-03,3899.95,30.330826,303.480826
7549.5,0.030478,6.93E+17,3.92E-03,3918.20,30.355963,303.505963
7599.5,0.030514,6.96E+17,3.94E-03,3936.44,30.38084,303.53084
7649.5,0.03055,7.00E+17,3.95E-03,3954.67,30.405745,303.555745
7699.5,0.030586,7.03E+17,3.97E-03,3972.87,30.430545,303.580545
7749.5,0.030622,7.06E+17,3.99E-03,3991.06,30.455177,303.605177
7799.5,0.030658,7.09E+17,4.01E-03,4009.23,30.479714,303.629714
7849.5,0.030693,7.13E+17,4.03E-03,4027.39,30.504129,303.654129
7899.5,0.030729,7.16E+17,4.05E-03,4045.54,30.528415,303.678415
7949.5,0.030764,7.19E+17,4.06E-03,4063.67,30.55258,303.70258
7999.5,0.0308,7.22E+17,4.08E-03,4081.80,30.576622,303.726622
8049.5,0.030835,7.25E+17,4.10E-03,4099.90,30.600557,303.750557
8099.5,0.03087,7.29E+17,4.12E-03,4117.99,30.624395,303.774395
8149.5,0.030905,7.32E+17,4.14E-03,4136.06,30.648131,303.798131
8199.5,0.030939,7.35E+17,4.15E-03,4154.12,30.671741,303.821741
8249.5,0.030974,7.38E+17,4.17E-03,4172.16,30.69525,303.84525
8299.5,0.031008,7.41E+17,4.19E-03,4190.19,30.718653,303.868653
8349.5,0.031043,7.45E+17,4.21E-03,4208.21,30.741944,303.891944
8399.5,0.031077,7.48E+17,4.23E-03,4226.21,30.765028,303.915028
8449.5,0.031111,7.51E+17,4.24E-03,4244.20,30.788114,303.938114
8499.5,0.031145,7.54E+17,4.26E-03,4262.18,30.811095,303.961095
8549.5,0.031179,7.57E+17,4.28E-03,4280.15,30.833893,303.983893
8599.5,0.031212,7.60E+17,4.30E-03,4298.12,30.856374,304.006374
8649.5,0.031246,7.64E+17,4.32E-03,4316.07,30.879091,304.029091
8699.5,0.03128,7.67E+17,4.33E-03,4334.01,30.901705,304.051705
8749.5,0.031313,7.70E+17,4.35E-03,4351.94,30.923841,304.073841
8799.5,0.031346,7.73E+17,4.37E-03,4369.87,30.946226,304.096226
8849.5,0.031379,7.76E+17,4.39E-03,4387.79,30.968527,304.118527
8899.5,0.031413,7.79E+17,4.41E-03,4405.68,30.990785,304.140785
8949.5,0.031446,7.83E+17,4.42E-03,4423.56,31.0129,304.1629
8999.5,0.031479,7.86E+17,4.44E-03,4441.43,31.034918,304.184918
9049.5,0.031511,7.89E+17,4.46E-03,4459.28,31.056841,304.206841
9099.5,0.031544,7.92E+17,4.48E-03,4477.13,31.078641,304.228641
9149.5,0.031577,7.95E+17,4.49E-03,4494.97,31.10051,304.25051
9199.5,0.03161,7.98E+17,4.51E-03,4512.80,31.122263,304.272263
9249.5,0.031642,8.02E+17,4.53E-03,4530.62,31.143898,304.293898
9299.5,0.031675,8.05E+17,4.55E-03,4548.43,31.165451,304.315451
9349.5,0.031707,8.08E+17,4.57E-03,4566.23,31.186901,304.336901
9399.5,0.031739,8.11E+17,4.58E-03,4584.03,31.208254,304.358254
9449.5,0.031771,8.14E+17,4.60E-03,4601.81,31.229514,304.379514
9499.5,0.031803,8.17E+17,4.62E-03,4619.59,31.250696,304.400696
9549.5,0.031835,8.20E+17,4.64E-03,4637.35,31.271801,304.421801
9599.5,0.031867,8.24E+17,4.66E-03,4655.11,31.292817,304.442817
9649.5,0.031899,8.27E+17,4.67E-03,4672.85,31.313745,304.463745
9699.5,0.03193,8.30E+17,4.69E-03,4690.59,31.334535,304.484535
9749.5,0.031962,8.33E+17,4.71E-03,4708.31,31.355299,304.505299
9799.5,0.031993,8.36E+17,4.73E-03,4726.02,31.376034,304.526034
9849.5,0.032025,8.39E+17,4.74E-03,4743.72,31.396627,304.546627
9899.5,0.032056,8.42E+17,4.76E-03,4761.42,31.41714,304.56714
9949.5,0.032087,8.46E+17,4.78E-03,4779.10,31.437434,304.587434
9999.5,0.032117,8.49E+17,4.80E-03,4796.77,31.45742,304.60742
10199.5,0.03208,8.38E+17,4.74E-03,4739.23,31.433432,304.583432
10399.5,0.032015,8.29E+17,4.69E-03,4688.51,31.39216,304.54216
10599.5,0.031951,8.21E+17,4.64E-03,4641.66,31.350318,304.500318
10799.5,0.031886,8.13E+17,4.60E-03,4597.49,31.308863,304.458863
10999.5,0.031823,8.06E+17,4.56E-03,4555.36,31.267779,304.417779
11199.5,0.031759,7.99E+17,4.51E-03,4514.91,31.22619,304.37619
11399.5,0.031696,7.92E+17,4.48E-03,4475.84,31.185826,304.335826
11599.5,0.031635,7.85E+17,4.44E-03,4437.92,31.146351,304.296351
11799.5,0.031575,7.79E+17,4.40E-03,4400.86,31.107635,304.257635
11999.5,0.031514,7.72E+17,4.36E-03,4364.43,31.068178,304.218178
12199.5,0.031453,7.66E+17,4.33E-03,4328.49,31.028328,304.178328
12399.5,0.031393,7.60E+17,4.29E-03,4293.04,30.988898,304.138898
12599.5,0.031334,7.53E+17,4.26E-03,4258.04,30.950402,304.100402
12799.5,0.031276,7.47E+17,4.22E-03,4223.62,30.912212,304.062212
12999.5,0.031218,7.41E+17,4.19E-03,4189.83,30.873684,304.023684
13199.5,0.031162,7.35E+17,4.16E-03,4156.68,30.836113,303.986113
13399.5,0.031106,7.30E+17,4.12E-03,4124.23,30.798414,303.948414
13599.5,0.03105,7.24E+17,4.09E-03,4092.37,30.761466,303.911466
13799.5,0.030994,7.18E+17,4.06E-03,4060.99,30.724184,303.874184
13999.5,0.030939,7.13E+17,4.03E-03,4029.91,30.686748,303.836748
14199.5,0.030883,7.08E+17,4.00E-03,3999.42,30.649385,303.799385
14399.5,0.030828,7.02E+17,3.97E-03,3969.54,30.6121,303.7621
14599.5,0.030773,6.97E+17,3.94E-03,3940.22,30.574921,303.724921
14799.5,0.030719,6.92E+17,3.91E-03,3911.33,30.537839,303.687839
14999.5,0.030664,6.87E+17,3.88E-03,3882.96,30.50094,303.65094
15199.5,0.030611,6.82E+17,3.86E-03,3855.31,30.464414,303.614414
15399.5,0.030558,6.77E+17,3.83E-03,3828.42,30.428345,303.578345
15599.5,0.030506,6.73E+17,3.80E-03,3802.32,30.392748,303.542748
15799.5,0.030455,6.68E+17,3.78E-03,3776.88,30.357877,303.507877
15999.5,0.030414,6.64E+17,3.75E-03,3752.18,30.331688,303.481688
16199.5,0.030359,6.60E+17,3.73E-03,3728.54,30.293553,303.443553
16399.5,0.03031,6.55E+17,3.70E-03,3704.93,30.259625,303.409625
16599.5,0.030261,6.51E+17,3.68E-03,3681.65,30.226111,303.376111
16799.5,0.030214,6.47E+17,3.66E-03,3658.77,30.192903,303.342903
16999.5,0.030167,6.43E+17,3.64E-03,3636.34,30.160184,303.310184
17199.5,0.03012,6.39E+17,3.61E-03,3614.32,30.127902,303.277902
17399.5,0.030075,6.36E+17,3.59E-03,3592.71,30.096074,303.246074
17599.5,0.03003,6.32E+17,3.57E-03,3571.51,30.064706,303.214706
17799.5,0.029985,6.28E+17,3.55E-03,3550.71,30.033757,303.183757
17999.5,0.029942,6.25E+17,3.53E-03,3530.30,30.003255,303.153255
18199.5,0.029899,6.21E+17,3.51E-03,3510.30,29.973268,303.123268
18399.5,0.029857,6.18E+17,3.49E-03,3490.69,29.943619,303.093619
18599.5,0.029815,6.14E+17,3.47E-03,3471.43,29.914364,303.064364
18799.5,0.029774,6.11E+17,3.45E-03,3452.52,29.885545,303.035545
18999.5,0.029734,6.08E+17,3.43E-03,3433.98,29.857149,303.007149
19199.5,0.029695,6.04E+17,3.42E-03,3415.81,29.829176,302.979176
19399.5,0.029656,6.01E+17,3.40E-03,3397.98,29.801605,302.951605
19599.5,0.029617,5.98E+17,3.38E-03,3380.52,29.774475,302.924475
19799.5,0.02958,5.95E+17,3.36E-03,3363.40,29.747756,302.897756
19999.5,0.029543,5.92E+17,3.35E-03,3346.62,29.721454,302.871454
20499.5,0.029453,5.85E+17,3.31E-03,3306.11,29.65744,302.80744
20999.5,0.029366,5.78E+17,3.27E-03,3267.55,29.595854,302.745854
21499.5,0.029283,5.72E+17,3.23E-03,3230.78,29.536696,302.686696
21999.5,0.029204,5.65E+17,3.20E-03,3195.75,29.479525,302.629525
22499.5,0.029128,5.59E+17,3.16E-03,3162.44,29.424681,302.574681
22999.5,0.029054,5.54E+17,3.13E-03,3130.75,29.372029,302.522029
23499.5,0.028984,5.49E+17,3.10E-03,3100.55,29.321411,302.471411
23999.5,0.028917,5.43E+17,3.07E-03,3071.79,29.27279,302.42279
24499.5,0.028853,5.39E+17,3.04E-03,3044.39,29.226072,302.376072
24999.5,0.028791,5.34E+17,3.02E-03,3018.21,29.18112,302.33112
25499.5,0.028732,5.30E+17,2.99E-03,2993.23,29.137915,302.287915
25999.5,0.028675,5.25E+17,2.97E-03,2969.34,29.096317,302.246317
26499.5,0.02862,5.21E+17,2.95E-03,2946.50,29.056244,302.206244
26999.5,0.028567,5.17E+17,2.92E-03,2924.54,29.017515,302.167515
27499.5,0.028516,5.14E+17,2.90E-03,2903.48,28.980116,302.130116
27999.5,0.028467,5.10E+17,2.88E-03,2883.33,28.944107,302.094107
28499.5,0.02842,5.07E+17,2.86E-03,2864.01,28.909373,302.059373
28999.5,0.028375,5.03E+17,2.85E-03,2845.45,28.875825,302.025825
29499.5,0.028331,5.00E+17,2.83E-03,2827.60,28.843395,301.993395
29999.5,0.028288,4.97E+17,2.81E-03,2810.46,28.812063,301.962063
30499.5,0.028248,4.94E+17,2.79E-03,2793.97,28.781767,301.931767
30999.5,0.028208,4.92E+17,2.78E-03,2778.11,28.752489,301.902489
31499.5,0.02817,4.89E+17,2.76E-03,2762.82,28.724147,301.874147
31999.5,0.028133,4.86E+17,2.75E-03,2748.10,28.696711,301.846711
32499.5,0.028097,4.84E+17,2.73E-03,2733.90,28.670139,301.820139
32999.5,0.028063,4.81E+17,2.72E-03,2720.17,28.644335,301.794335
33499.5,0.028029,4.79E+17,2.71E-03,2706.91,28.619322,301.769322
33999.5,0.027997,4.77E+17,2.69E-03,2694.06,28.594985,301.744985
34499.5,0.027965,4.74E+17,2.68E-03,2681.62,28.571312,301.721312
34999.5,0.027934,4.72E+17,2.67E-03,2669.58,28.548336,301.698336
35499.5,0.027905,4.70E+17,2.66E-03,2657.91,28.525983,301.675983
35999.5,0.027875,4.68E+17,2.65E-03,2646.58,28.504221,301.654221
36499.5,0.027847,4.66E+17,2.64E-03,2635.58,28.482998,301.632998
36999.5,0.02782,4.64E+17,2.62E-03,2624.87,28.462286,301.612286
37499.5,0.027793,4.63E+17,2.61E-03,2614.44,28.442046,301.592046
37999.5,0.027767,4.61E+17,2.60E-03,2604.28,28.422263,301.572263
38499.5,0.027741,4.59E+17,2.59E-03,2594.37,28.402912,301.552912
38999.5,0.027716,4.57E+17,2.58E-03,2584.70,28.383968,301.533968
39499.5,0.027691,4.56E+17,2.58E-03,2575.26,28.365425,301.515425
39999.5,0.027667,4.54E+17,2.57E-03,2566.04,28.347242,301.497242
40499.5,0.027644,4.52E+17,2.56E-03,2557.01,28.329416,301.479416
40999.5,0.02762,4.51E+17,2.55E-03,2548.18,28.311918,301.461918
41499.5,0.027598,4.49E+17,2.54E-03,2539.53,28.294735,301.444735
41999.5,0.027575,4.48E+17,2.53E-03,2531.06,28.277851,301.427851
42499.5,0.027554,4.46E+17,2.52E-03,2522.75,28.261254,301.411254
42999.5,0.027532,4.45E+17,2.51E-03,2514.60,28.244929,301.394929
43499.5,0.027511,4.43E+17,2.51E-03,2506.60,28.228864,301.378864
43999.5,0.02749,4.42E+17,2.50E-03,2498.74,28.213041,301.363041
44499.5,0.02747,4.41E+17,2.49E-03,2491.01,28.197451,301.347451
44999.5,0.027449,4.39E+17,2.48E-03,2483.41,28.182077,301.332077
45499.5,0.02743,4.38E+17,2.48E-03,2475.94,28.166926,301.316926
45999.5,0.02741,4.37E+17,2.47E-03,2468.55,28.151897,301.301897
46499.5,0.02739,4.35E+17,2.46E-03,2461.28,28.137084,301.287084
46999.5,0.027371,4.34E+17,2.45E-03,2454.12,28.122465,301.272465
47499.5,0.027352,4.33E+17,2.45E-03,2447.07,28.108028,301.258028
47999.5,0.027334,4.32E+17,2.44E-03,2440.13,28.093787,301.243787
48499.5,0.027315,4.30E+17,2.43E-03,2433.27,28.079676,301.229676
48999.5,0.027297,4.29E+17,2.43E-03,2426.52,28.065735,301.215735
49499.5,0.027279,4.28E+17,2.42E-03,2419.84,28.051933,301.201933
49999.5,0.027261,4.27E+17,2.41E-03,2413.25,28.038285,301.188285
50499.5,0.027244,4.26E+17,2.41E-03,2406.73,28.024752,301.174752
50999.5,0.027226,4.25E+17,2.40E-03,2400.28,28.011345,301.161345
51499.5,0.027209,4.24E+17,2.39E-03,2393.91,27.998052,301.148052
51999.5,0.027192,4.22E+17,2.39E-03,2387.60,27.984868,301.134868
52499.5,0.027175,4.21E+17,2.38E-03,2381.42,27.971994,301.121994
52999.5,0.027158,4.20E+17,2.38E-03,2375.46,27.959231,301.109231
53499.5,0.027142,4.19E+17,2.37E-03,2369.41,27.946539,301.096539
53999.5,0.027125,4.18E+17,2.36E-03,2363.41,27.933877,301.083877
54499.5,0.027109,4.17E+17,2.36E-03,2357.49,27.921375,301.071375
54999.5,0.027093,4.16E+17,2.35E-03,2351.62,27.908927,301.058927
55499.5,0.027077,4.15E+17,2.35E-03,2345.78,27.89655,301.04655
55999.5,0.027061,4.14E+17,2.34E-03,2340.00,27.884246,301.034246
56499.5,0.027045,4.13E+17,2.33E-03,2334.26,27.872017,301.022017
56999.5,0.027029,4.12E+17,2.33E-03,2328.55,27.859842,301.009842
57499.5,0.027014,4.11E+17,2.32E-03,2322.90,27.847748,300.997748
57999.5,0.026998,4.10E+17,2.32E-03,2317.29,27.835725,300.985725
58499.5,0.026982,4.09E+17,2.31E-03,2311.72,27.823748,300.973748
58999.5,0.026967,4.08E+17,2.31E-03,2306.18,27.811829,300.961829
59499.5,0.026952,4.07E+17,2.30E-03,2300.68,27.799967,300.949967
59999.5,0.026937,4.06E+17,2.30E-03,2295.23,27.788181,300.938181
60499.5,0.026921,4.05E+17,2.29E-03,2289.82,27.776452,300.926452
60999.5,0.026906,4.04E+17,2.28E-03,2284.45,27.764804,300.914804
61499.5,0.026891,4.03E+17,2.28E-03,2279.10,27.753157,300.903157
61999.5,0.026877,4.02E+17,2.27E-03,2273.79,27.741578,300.891578
62499.5,0.026862,4.01E+17,2.27E-03,2268.53,27.730095,300.880095
62999.5,0.026847,4.00E+17,2.26E-03,2263.32,27.718679,300.868679
63499.5,0.026832,4.00E+17,2.26E-03,2258.11,27.707274,300.857274
63999.5,0.026818,3.99E+17,2.25E-03,2252.94,27.695904,300.845904
64499.5,0.026803,3.98E+17,2.25E-03,2247.79,27.684575,300.834575
64999.5,0.026789,3.97E+17,2.24E-03,2242.67,27.67327,300.82327
65499.5,0.026774,3.96E+17,2.24E-03,2237.56,27.661996,300.811996
65999.5,0.02676,3.95E+17,2.23E-03,2232.49,27.650753,300.800753
66499.5,0.026746,3.94E+17,2.23E-03,2227.43,27.639531,300.789531
66999.5,0.026731,3.93E+17,2.22E-03,2222.39,27.628332,300.778332
67499.5,0.026717,3.92E+17,2.22E-03,2217.37,27.617154,300.767154
67999.5,0.026703,3.91E+17,2.21E-03,2212.38,27.606006,300.756006
68499.5,0.026688,3.91E+17,2.21E-03,2207.40,27.594884,300.744884
68999.5,0.026674,3.90E+17,2.20E-03,2202.44,27.583763,300.733763
69499.5,0.02666,3.89E+17,2.20E-03,2197.49,27.572663,300.722663
69999.5,0.026646,3.88E+17,2.19E-03,2192.57,27.561597,300.711597
70499.5,0.026632,3.87E+17,2.19E-03,2187.68,27.550563,300.700563
70999.5,0.026618,3.86E+17,2.18E-03,2182.79,27.539529,300.689529
71499.5,0.026604,3.85E+17,2.18E-03,2177.93,27.528525,300.678525
71999.5,0.02659,3.84E+17,2.17E-03,2173.10,27.517564,300.667564
72499.5,0.026576,3.84E+17,2.17E-03,2168.30,27.506639,300.656639
72999.5,0.026562,3.83E+17,2.16E-03,2163.51,27.495736,300.645736
73499.5,0.026548,3.82E+17,2.16E-03,2158.75,27.48486,300.63486
73999.5,0.026534,3.81E+17,2.15E-03,2154.00,27.474028,300.624028
74499.5,0.026521,3.80E+17,2.15E-03,2149.27,27.463189,300.613189
74999.5,0.026507,3.79E+17,2.14E-03,2144.55,27.452351,300.602351
75499.5,0.026493,3.79E+17,2.14E-03,2139.86,27.44156,300.59156
75999.5,0.026479,3.78E+17,2.14E-03,2135.20,27.43081,300.58081
76499.5,0.026466,3.77E+17,2.13E-03,2130.55,27.42008,300.57008
76999.5,0.026452,3.76E+17,2.13E-03,2125.92,27.40938,300.55938
77499.5,0.026439,3.75E+17,2.12E-03,2121.32,27.398703,300.548703
77999.5,0.026425,3.74E+17,2.12E-03,2116.73,27.388048,300.538048
78499.5,0.026412,3.74E+17,2.11E-03,2112.17,27.377421,300.527421
78999.5,0.026398,3.73E+17,2.11E-03,2107.61,27.366809,300.516809
79499.5,0.026385,3.72E+17,2.10E-03,2103.08,27.356222,300.506222
79999.5,0.026372,3.71E+17,2.10E-03,2098.55,27.345632,300.495632
80499.5,0.026358,3.70E+17,2.09E-03,2094.05,27.335069,300.485069
80999.5,0.026345,3.70E+17,2.09E-03,2089.57,27.324537,300.474537
81499.5,0.026332,3.69E+17,2.09E-03,2085.10,27.314016,300.464016
81999.5,0.026318,3.68E+17,2.08E-03,2080.66,27.303401,300.453401
82499.5,0.026305,3.67E+17,2.08E-03,2076.24,27.29301,300.44301
82999.5,0.026292,3.67E+17,2.07E-03,2071.84,27.282614,300.432614
83499.5,0.026279,3.66E+17,2.07E-03,2067.47,27.272238,300.422238
83999.5,0.026266,3.65E+17,2.06E-03,2063.11,27.26189,300.41189
84499.5,0.026253,3.64E+17,2.06E-03,2058.76,27.251526,300.401526
84999.5,0.02624,3.63E+17,2.05E-03,2054.43,27.241198,300.391198
85499.5,0.026227,3.63E+17,2.05E-03,2050.11,27.230887,300.380887
85999.5,0.026214,3.62E+17,2.05E-03,2045.82,27.220605,300.370605
86499.5,0.026201,3.61E+17,2.04E-03,2041.54,27.210337,300.360337
86999.5,0.026188,3.60E+17,2.04E-03,2037.28,27.20009,300.35009
87499.5,0.026175,3.60E+17,2.03E-03,2033.03,27.189862,300.339862
87999.5,0.026163,3.59E+17,2.03E-03,2028.80,27.179902,300.329902
88499.5,0.02615,3.58E+17,2.02E-03,2024.57,27.169534,300.319534
88999.5,0.026137,3.57E+17,2.02E-03,2020.36,27.159302,300.309302
89499.5,0.026124,3.57E+17,2.02E-03,2016.16,27.149102,300.299102
89999.5,0.026111,3.56E+17,2.01E-03,2011.99,27.138927,300.288927
90499.5,0.026099,3.55E+17,2.01E-03,2007.82,27.128775,300.278775
90999.5,0.026086,3.54E+17,2.00E-03,2003.65,27.118598,300.268598
91499.5,0.026073,3.54E+17,2.00E-03,1999.50,27.108439,300.258439
91999.5,0.026061,3.53E+17,2.00E-03,1995.36,27.098316,300.248316
92499.5,0.026048,3.52E+17,1.99E-03,1991.26,27.088236,300.238236
92999.5,0.026036,3.52E+17,1.99E-03,1987.18,27.078158,300.228158
93499.5,0.026023,3.51E+17,1.98E-03,1983.11,27.068146,300.218146
93999.5,0.026011,3.50E+17,1.98E-03,1979.06,27.058154,300.208154
94499.5,0.025998,3.49E+17,1.98E-03,1975.03,27.048185,300.198185
94999.5,0.025986,3.49E+17,1.97E-03,1971.01,27.038236,300.188236
95499.5,0.025973,3.48E+17,1.97E-03,1967.02,27.028312,300.178312
95999.5,0.025961,3.47E+17,1.96E-03,1963.03,27.018407,300.168407
96499.5,0.025949,3.47E+17,1.96E-03,1959.06,27.008521,300.158521
96999.5,0.025936,3.46E+17,1.96E-03,1955.11,26.998655,300.148655
97499.5,0.025924,3.45E+17,1.95E-03,1951.17,26.988809,300.138809
97999.5,0.025912,3.45E+17,1.95E-03,1947.25,26.978985,300.128985
98499.5,0.0259,3.44E+17,1.94E-03,1943.34,26.969177,300.119177
98999.5,0.025888,3.43E+17,1.94E-03,1939.45,26.959403,300.109403
99499.5,0.025876,3.42E+17,1.94E-03,1935.58,26.949642,300.099642
99999.5,0.025863,3.42E+17,1.93E-03,1931.71,26.939894,300.089894
101999.5,0.025815,3.39E+17,1.92E-03,1916.40,26.901089,300.051089
103999.5,0.025768,3.36E+17,1.90E-03,1901.36,26.862679,300.012679
105999.5,0.025721,3.34E+17,1.89E-03,1886.54,26.824559,299.974559
107999.5,0.025674,3.31E+17,1.87E-03,1871.97,26.786849,299.936849
109999.5,0.025628,3.29E+17,1.86E-03,1857.61,26.749394,299.899394
111999.5,0.025583,3.26E+17,1.84E-03,1843.45,26.712222,299.862222
113999.5,0.025537,3.24E+17,1.83E-03,1829.51,26.675355,299.825355
115999.5,0.025492,3.21E+17,1.82E-03,1815.73,26.638701,299.788701
117999.5,0.025448,3.19E+17,1.80E-03,1802.16,26.602332,299.752332
119999.5,0.025404,3.16E+17,1.79E-03,1788.83,26.566352,299.716352
121999.5,0.025361,3.14E+17,1.78E-03,1775.70,26.530657,299.680657
123999.5,0.025318,3.12E+17,1.76E-03,1762.75,26.495236,299.645236
125999.5,0.025275,3.10E+17,1.75E-03,1750.00,26.460141,299.610141
127999.5,0.025233,3.07E+17,1.74E-03,1737.45,26.425346,299.575346
129999.5,0.025191,3.05E+17,1.73E-03,1725.08,26.390844,299.540844
131999.5,0.02515,3.03E+17,1.71E-03,1712.89,26.356612,299.506612
133999.5,0.025109,3.01E+17,1.70E-03,1700.86,26.32264,299.47264
135999.5,0.025068,2.99E+17,1.69E-03,1689.01,26.288942,299.438942
137999.5,0.025028,2.97E+17,1.68E-03,1677.36,26.255582,299.405582
139999.5,0.024988,2.95E+17,1.67E-03,1665.84,26.222425,299.372425
141999.5,0.024949,2.93E+17,1.65E-03,1654.51,26.189595,299.339595
143999.5,0.02491,2.91E+17,1.64E-03,1643.33,26.156996,299.306996
145999.5,0.024871,2.89E+17,1.63E-03,1632.33,26.124643,299.274643
147999.5,0.024833,2.87E+17,1.62E-03,1621.53,26.092793,299.242793
149999.5,0.024795,2.85E+17,1.61E-03,1610.89,26.061195,299.211195
151999.5,0.024758,2.83E+17,1.60E-03,1600.37,26.029788,299.179788
153999.5,0.024721,2.81E+17,1.59E-03,1590.06,25.998789,299.148789
155999.5,0.024685,2.80E+17,1.58E-03,1579.92,25.968127,299.118127
157999.5,0.024649,2.78E+17,1.57E-03,1569.91,25.937695,299.087695
159999.5,0.024613,2.76E+17,1.56E-03,1560.06,25.90756,299.05756
161999.5,0.024578,2.74E+17,1.55E-03,1550.38,25.877793,299.027793
163999.5,0.024543,2.73E+17,1.54E-03,1540.83,25.848242,298.998242
165999.5,0.024509,2.71E+17,1.53E-03,1531.42,25.818986,298.968986
167999.5,0.024475,2.69E+17,1.52E-03,1522.15,25.789979,298.939979
169999.5,0.024441,2.68E+17,1.51E-03,1513.03,25.761185,298.911185
171999.5,0.024407,2.66E+17,1.50E-03,1504.03,25.732798,298.882798
173999.5,0.024374,2.65E+17,1.50E-03,1495.19,25.704557,298.854557
175999.5,0.024342,2.63E+17,1.49E-03,1486.53,25.676982,298.826982
177999.5,0.02431,2.61E+17,1.48E-03,1478.00,25.649568,298.799568
179999.5,0.024278,2.60E+17,1.47E-03,1469.58,25.622375,298.772375
181999.5,0.024247,2.59E+17,1.46E-03,1461.34,25.595609,298.745609
183999.5,0.024216,2.57E+17,1.45E-03,1453.24,25.569165,298.719165
185999.5,0.024186,2.56E+17,1.45E-03,1445.25,25.542967,298.692967
187999.5,0.024156,2.54E+17,1.44E-03,1437.47,25.517209,298.667209
189999.5,0.024128,2.53E+17,1.43E-03,1430.37,25.493599,298.643599
191999.5,0.024101,2.52E+17,1.42E-03,1423.27,25.469965,298.619965
193999.5,0.024074,2.51E+17,1.42E-03,1416.17,25.446249,298.596249
195999.5,0.024046,2.49E+17,1.41E-03,1408.94,25.422031,298.572031
197999.5,0.024017,2.48E+17,1.40E-03,1401.68,25.3976,298.5476
199999.5,0.023989,2.47E+17,1.39E-03,1394.42,25.373014,298.523014
200000.5,0.023989,2.47E+17,1.39E-03,1394.41,25.373001,298.523001
